<annotation>
	<folder>downloaded_v2</folder>
	<filename>alcorcon_sur_40.3392046_-3.8455331.jpg</filename>
	<path>C:\Users\Public\Pictures\downloaded_v2\alcorcon_sur_40.3392046_-3.8455331.jpg</path>
	<source>
		<database>Unknown</database>
	</source>
	<size>
		<width>640</width>
		<height>640</height>
		<depth>3</depth>
	</size>
	<segmented>0</segmented>
	<object>
		<name>piscina</name>
		<pose>Unspecified</pose>
		<truncated>0</truncated>
		<difficult>0</difficult>
		<bndbox>
			<xmin>181</xmin>
			<ymin>29</ymin>
			<xmax>240</xmax>
			<ymax>87</ymax>
		</bndbox>
	</object>
	<object>
		<name>parking</name>
		<pose>Unspecified</pose>
		<truncated>0</truncated>
		<difficult>0</difficult>
		<bndbox>
			<xmin>496</xmin>
			<ymin>248</ymin>
			<xmax>601</xmax>
			<ymax>296</ymax>
		</bndbox>
	</object>
	<object>
		<name>parking</name>
		<pose>Unspecified</pose>
		<truncated>1</truncated>
		<difficult>0</difficult>
		<bndbox>
			<xmin>582</xmin>
			<ymin>179</ymin>
			<xmax>640</xmax>
			<ymax>244</ymax>
		</bndbox>
	</object>
	<object>
		<name>rotonda</name>
		<pose>Unspecified</pose>
		<truncated>0</truncated>
		<difficult>0</difficult>
		<bndbox>
			<xmin>153</xmin>
			<ymin>198</ymin>
			<xmax>213</xmax>
			<ymax>252</ymax>
		</bndbox>
	</object>
</annotation>
