<annotation>
	<folder>downloaded_v2</folder>
	<filename>fuenlabrada_noroeste_40.3027034_-3.8402564.jpg</filename>
	<path>C:\Users\Public\Pictures\downloaded_v2\fuenlabrada_noroeste_40.3027034_-3.8402564.jpg</path>
	<source>
		<database>Unknown</database>
	</source>
	<size>
		<width>640</width>
		<height>640</height>
		<depth>3</depth>
	</size>
	<segmented>0</segmented>
	<object>
		<name>rotonda</name>
		<pose>Unspecified</pose>
		<truncated>0</truncated>
		<difficult>0</difficult>
		<bndbox>
			<xmin>139</xmin>
			<ymin>208</ymin>
			<xmax>202</xmax>
			<ymax>267</ymax>
		</bndbox>
	</object>
	<object>
		<name>piscina</name>
		<pose>Unspecified</pose>
		<truncated>0</truncated>
		<difficult>0</difficult>
		<bndbox>
			<xmin>447</xmin>
			<ymin>391</ymin>
			<xmax>507</xmax>
			<ymax>432</ymax>
		</bndbox>
	</object>
	<object>
		<name>piscina</name>
		<pose>Unspecified</pose>
		<truncated>0</truncated>
		<difficult>0</difficult>
		<bndbox>
			<xmin>37</xmin>
			<ymin>481</ymin>
			<xmax>80</xmax>
			<ymax>554</ymax>
		</bndbox>
	</object>
</annotation>
