<annotation>
	<folder>downloaded_v2</folder>
	<filename>fuentelareyna_40.477143_-3.7345979.jpg</filename>
	<path>C:\Users\Public\Pictures\downloaded_v2\fuentelareyna_40.477143_-3.7345979.jpg</path>
	<source>
		<database>Unknown</database>
	</source>
	<size>
		<width>640</width>
		<height>640</height>
		<depth>3</depth>
	</size>
	<segmented>0</segmented>
	<object>
		<name>piscina</name>
		<pose>Unspecified</pose>
		<truncated>0</truncated>
		<difficult>0</difficult>
		<bndbox>
			<xmin>296</xmin>
			<ymin>258</ymin>
			<xmax>315</xmax>
			<ymax>286</ymax>
		</bndbox>
	</object>
	<object>
		<name>piscina</name>
		<pose>Unspecified</pose>
		<truncated>0</truncated>
		<difficult>0</difficult>
		<bndbox>
			<xmin>319</xmin>
			<ymin>210</ymin>
			<xmax>338</xmax>
			<ymax>271</ymax>
		</bndbox>
	</object>
	<object>
		<name>piscina</name>
		<pose>Unspecified</pose>
		<truncated>0</truncated>
		<difficult>0</difficult>
		<bndbox>
			<xmin>449</xmin>
			<ymin>158</ymin>
			<xmax>461</xmax>
			<ymax>175</ymax>
		</bndbox>
	</object>
	<object>
		<name>piscina</name>
		<pose>Unspecified</pose>
		<truncated>0</truncated>
		<difficult>0</difficult>
		<bndbox>
			<xmin>471</xmin>
			<ymin>143</ymin>
			<xmax>484</xmax>
			<ymax>154</ymax>
		</bndbox>
	</object>
	<object>
		<name>piscina</name>
		<pose>Unspecified</pose>
		<truncated>0</truncated>
		<difficult>0</difficult>
		<bndbox>
			<xmin>483</xmin>
			<ymin>152</ymin>
			<xmax>503</xmax>
			<ymax>173</ymax>
		</bndbox>
	</object>
	<object>
		<name>piscina</name>
		<pose>Unspecified</pose>
		<truncated>0</truncated>
		<difficult>0</difficult>
		<bndbox>
			<xmin>613</xmin>
			<ymin>259</ymin>
			<xmax>626</xmax>
			<ymax>285</ymax>
		</bndbox>
	</object>
	<object>
		<name>piscina</name>
		<pose>Unspecified</pose>
		<truncated>0</truncated>
		<difficult>0</difficult>
		<bndbox>
			<xmin>472</xmin>
			<ymin>120</ymin>
			<xmax>487</xmax>
			<ymax>136</ymax>
		</bndbox>
	</object>
	<object>
		<name>piscina</name>
		<pose>Unspecified</pose>
		<truncated>0</truncated>
		<difficult>0</difficult>
		<bndbox>
			<xmin>315</xmin>
			<ymin>185</ymin>
			<xmax>336</xmax>
			<ymax>198</ymax>
		</bndbox>
	</object>
	<object>
		<name>piscina</name>
		<pose>Unspecified</pose>
		<truncated>0</truncated>
		<difficult>0</difficult>
		<bndbox>
			<xmin>140</xmin>
			<ymin>93</ymin>
			<xmax>155</xmax>
			<ymax>113</ymax>
		</bndbox>
	</object>
	<object>
		<name>piscina</name>
		<pose>Unspecified</pose>
		<truncated>0</truncated>
		<difficult>0</difficult>
		<bndbox>
			<xmin>59</xmin>
			<ymin>404</ymin>
			<xmax>92</xmax>
			<ymax>429</ymax>
		</bndbox>
	</object>
	<object>
		<name>piscina</name>
		<pose>Unspecified</pose>
		<truncated>0</truncated>
		<difficult>0</difficult>
		<bndbox>
			<xmin>586</xmin>
			<ymin>552</ymin>
			<xmax>635</xmax>
			<ymax>574</ymax>
		</bndbox>
	</object>
	<object>
		<name>piscina</name>
		<pose>Unspecified</pose>
		<truncated>0</truncated>
		<difficult>0</difficult>
		<bndbox>
			<xmin>517</xmin>
			<ymin>525</ymin>
			<xmax>568</xmax>
			<ymax>553</ymax>
		</bndbox>
	</object>
	<object>
		<name>piscina</name>
		<pose>Unspecified</pose>
		<truncated>0</truncated>
		<difficult>0</difficult>
		<bndbox>
			<xmin>455</xmin>
			<ymin>566</ymin>
			<xmax>467</xmax>
			<ymax>585</ymax>
		</bndbox>
	</object>
	<object>
		<name>piscina</name>
		<pose>Unspecified</pose>
		<truncated>0</truncated>
		<difficult>0</difficult>
		<bndbox>
			<xmin>299</xmin>
			<ymin>461</ymin>
			<xmax>315</xmax>
			<ymax>477</ymax>
		</bndbox>
	</object>
	<object>
		<name>piscina</name>
		<pose>Unspecified</pose>
		<truncated>0</truncated>
		<difficult>0</difficult>
		<bndbox>
			<xmin>292</xmin>
			<ymin>481</ymin>
			<xmax>307</xmax>
			<ymax>500</ymax>
		</bndbox>
	</object>
	<object>
		<name>piscina</name>
		<pose>Unspecified</pose>
		<truncated>1</truncated>
		<difficult>0</difficult>
		<bndbox>
			<xmin>1</xmin>
			<ymin>571</ymin>
			<xmax>16</xmax>
			<ymax>596</ymax>
		</bndbox>
	</object>
	<object>
		<name>piscina</name>
		<pose>Unspecified</pose>
		<truncated>1</truncated>
		<difficult>0</difficult>
		<bndbox>
			<xmin>1</xmin>
			<ymin>535</ymin>
			<xmax>19</xmax>
			<ymax>553</ymax>
		</bndbox>
	</object>
	<object>
		<name>piscina</name>
		<pose>Unspecified</pose>
		<truncated>0</truncated>
		<difficult>0</difficult>
		<bndbox>
			<xmin>356</xmin>
			<ymin>348</ymin>
			<xmax>378</xmax>
			<ymax>366</ymax>
		</bndbox>
	</object>
	<object>
		<name>piscina</name>
		<pose>Unspecified</pose>
		<truncated>0</truncated>
		<difficult>0</difficult>
		<bndbox>
			<xmin>392</xmin>
			<ymin>366</ymin>
			<xmax>406</xmax>
			<ymax>381</ymax>
		</bndbox>
	</object>
	<object>
		<name>piscina</name>
		<pose>Unspecified</pose>
		<truncated>0</truncated>
		<difficult>0</difficult>
		<bndbox>
			<xmin>452</xmin>
			<ymin>379</ymin>
			<xmax>473</xmax>
			<ymax>389</ymax>
		</bndbox>
	</object>
	<object>
		<name>piscina</name>
		<pose>Unspecified</pose>
		<truncated>0</truncated>
		<difficult>0</difficult>
		<bndbox>
			<xmin>249</xmin>
			<ymin>126</ymin>
			<xmax>267</xmax>
			<ymax>132</ymax>
		</bndbox>
	</object>
	<object>
		<name>piscina</name>
		<pose>Unspecified</pose>
		<truncated>0</truncated>
		<difficult>0</difficult>
		<bndbox>
			<xmin>348</xmin>
			<ymin>119</ymin>
			<xmax>358</xmax>
			<ymax>135</ymax>
		</bndbox>
	</object>
	<object>
		<name>piscina</name>
		<pose>Unspecified</pose>
		<truncated>0</truncated>
		<difficult>0</difficult>
		<bndbox>
			<xmin>317</xmin>
			<ymin>152</ymin>
			<xmax>326</xmax>
			<ymax>166</ymax>
		</bndbox>
	</object>
	<object>
		<name>piscina</name>
		<pose>Unspecified</pose>
		<truncated>0</truncated>
		<difficult>0</difficult>
		<bndbox>
			<xmin>159</xmin>
			<ymin>188</ymin>
			<xmax>170</xmax>
			<ymax>203</ymax>
		</bndbox>
	</object>
	<object>
		<name>piscina</name>
		<pose>Unspecified</pose>
		<truncated>0</truncated>
		<difficult>0</difficult>
		<bndbox>
			<xmin>72</xmin>
			<ymin>117</ymin>
			<xmax>84</xmax>
			<ymax>133</ymax>
		</bndbox>
	</object>
	<object>
		<name>piscina</name>
		<pose>Unspecified</pose>
		<truncated>0</truncated>
		<difficult>0</difficult>
		<bndbox>
			<xmin>69</xmin>
			<ymin>98</ymin>
			<xmax>81</xmax>
			<ymax>108</ymax>
		</bndbox>
	</object>
	<object>
		<name>piscina</name>
		<pose>Unspecified</pose>
		<truncated>0</truncated>
		<difficult>0</difficult>
		<bndbox>
			<xmin>592</xmin>
			<ymin>68</ymin>
			<xmax>616</xmax>
			<ymax>85</ymax>
		</bndbox>
	</object>
	<object>
		<name>piscina</name>
		<pose>Unspecified</pose>
		<truncated>0</truncated>
		<difficult>0</difficult>
		<bndbox>
			<xmin>613</xmin>
			<ymin>184</ymin>
			<xmax>624</xmax>
			<ymax>198</ymax>
		</bndbox>
	</object>
	<object>
		<name>piscina</name>
		<pose>Unspecified</pose>
		<truncated>0</truncated>
		<difficult>0</difficult>
		<bndbox>
			<xmin>509</xmin>
			<ymin>267</ymin>
			<xmax>528</xmax>
			<ymax>277</ymax>
		</bndbox>
	</object>
	<object>
		<name>piscina</name>
		<pose>Unspecified</pose>
		<truncated>0</truncated>
		<difficult>0</difficult>
		<bndbox>
			<xmin>457</xmin>
			<ymin>185</ymin>
			<xmax>480</xmax>
			<ymax>202</ymax>
		</bndbox>
	</object>
	<object>
		<name>piscina</name>
		<pose>Unspecified</pose>
		<truncated>0</truncated>
		<difficult>0</difficult>
		<bndbox>
			<xmin>98</xmin>
			<ymin>396</ymin>
			<xmax>119</xmax>
			<ymax>410</ymax>
		</bndbox>
	</object>
	<object>
		<name>piscina</name>
		<pose>Unspecified</pose>
		<truncated>0</truncated>
		<difficult>0</difficult>
		<bndbox>
			<xmin>125</xmin>
			<ymin>400</ymin>
			<xmax>143</xmax>
			<ymax>419</ymax>
		</bndbox>
	</object>
	<object>
		<name>piscina</name>
		<pose>Unspecified</pose>
		<truncated>0</truncated>
		<difficult>0</difficult>
		<bndbox>
			<xmin>146</xmin>
			<ymin>410</ymin>
			<xmax>166</xmax>
			<ymax>425</ymax>
		</bndbox>
	</object>
</annotation>
