<annotation>
	<folder>downloaded_v2</folder>
	<filename>fuenlabrada_noroeste_40.3053734_-3.8367464.jpg</filename>
	<path>C:\Users\Public\Pictures\downloaded_v2\fuenlabrada_noroeste_40.3053734_-3.8367464.jpg</path>
	<source>
		<database>Unknown</database>
	</source>
	<size>
		<width>640</width>
		<height>640</height>
		<depth>3</depth>
	</size>
	<segmented>0</segmented>
	<object>
		<name>piscina</name>
		<pose>Unspecified</pose>
		<truncated>0</truncated>
		<difficult>0</difficult>
		<bndbox>
			<xmin>371</xmin>
			<ymin>438</ymin>
			<xmax>391</xmax>
			<ymax>494</ymax>
		</bndbox>
	</object>
	<object>
		<name>piscina</name>
		<pose>Unspecified</pose>
		<truncated>0</truncated>
		<difficult>0</difficult>
		<bndbox>
			<xmin>313</xmin>
			<ymin>542</ymin>
			<xmax>388</xmax>
			<ymax>571</ymax>
		</bndbox>
	</object>
</annotation>
