<annotation>
	<folder>downloaded_v2</folder>
	<filename>fuenlabrada_noroeste_40.2946934_-3.8367464.jpg</filename>
	<path>C:\Users\Public\Pictures\downloaded_v2\fuenlabrada_noroeste_40.2946934_-3.8367464.jpg</path>
	<source>
		<database>Unknown</database>
	</source>
	<size>
		<width>640</width>
		<height>640</height>
		<depth>3</depth>
	</size>
	<segmented>0</segmented>
	<object>
		<name>rotonda</name>
		<pose>Unspecified</pose>
		<truncated>0</truncated>
		<difficult>0</difficult>
		<bndbox>
			<xmin>117</xmin>
			<ymin>382</ymin>
			<xmax>155</xmax>
			<ymax>425</ymax>
		</bndbox>
	</object>
</annotation>
