<annotation>
	<folder>downloaded</folder>
	<filename>leganes_derecha_abajo_2_40.2953889_-3.7548394.jpg</filename>
	<path>C:\Users\Public\Pictures\downloaded\leganes_derecha_abajo_2_40.2953889_-3.7548394.jpg</path>
	<source>
		<database>Unknown</database>
	</source>
	<size>
		<width>640</width>
		<height>640</height>
		<depth>3</depth>
	</size>
	<segmented>0</segmented>
	<object>
		<name>piscina</name>
		<pose>Unspecified</pose>
		<truncated>1</truncated>
		<difficult>0</difficult>
		<bndbox>
			<xmin>219</xmin>
			<ymin>1</ymin>
			<xmax>278</xmax>
			<ymax>42</ymax>
		</bndbox>
	</object>
	<object>
		<name>piscina</name>
		<pose>Unspecified</pose>
		<truncated>0</truncated>
		<difficult>0</difficult>
		<bndbox>
			<xmin>429</xmin>
			<ymin>152</ymin>
			<xmax>449</xmax>
			<ymax>169</ymax>
		</bndbox>
	</object>
</annotation>
