<annotation>
	<folder>downloaded</folder>
	<filename>leganes_izq1_40.3381344_-3.7729216.jpg</filename>
	<path>C:\Users\Public\Pictures\downloaded\leganes_izq1_40.3381344_-3.7729216.jpg</path>
	<source>
		<database>Unknown</database>
	</source>
	<size>
		<width>640</width>
		<height>640</height>
		<depth>3</depth>
	</size>
	<segmented>0</segmented>
	<object>
		<name>piscina</name>
		<pose>Unspecified</pose>
		<truncated>0</truncated>
		<difficult>0</difficult>
		<bndbox>
			<xmin>367</xmin>
			<ymin>291</ymin>
			<xmax>400</xmax>
			<ymax>326</ymax>
		</bndbox>
	</object>
	<object>
		<name>piscina</name>
		<pose>Unspecified</pose>
		<truncated>0</truncated>
		<difficult>0</difficult>
		<bndbox>
			<xmin>189</xmin>
			<ymin>479</ymin>
			<xmax>245</xmax>
			<ymax>513</ymax>
		</bndbox>
	</object>
</annotation>
