<annotation>
	<folder>downloaded</folder>
	<filename>leganes_derecha_abajo_2_40.3033989_-3.7478194.jpg</filename>
	<path>C:\Users\Public\Pictures\downloaded\leganes_derecha_abajo_2_40.3033989_-3.7478194.jpg</path>
	<source>
		<database>Unknown</database>
	</source>
	<size>
		<width>640</width>
		<height>640</height>
		<depth>3</depth>
	</size>
	<segmented>0</segmented>
	<object>
		<name>rotonda</name>
		<pose>Unspecified</pose>
		<truncated>1</truncated>
		<difficult>0</difficult>
		<bndbox>
			<xmin>131</xmin>
			<ymin>578</ymin>
			<xmax>200</xmax>
			<ymax>640</ymax>
		</bndbox>
	</object>
</annotation>
