<annotation>
	<folder>downloaded</folder>
	<filename>leganes_parkings _40.3404043_-3.7247591.jpg</filename>
	<path>C:\Users\Public\Pictures\downloaded\leganes_parkings _40.3404043_-3.7247591.jpg</path>
	<source>
		<database>Unknown</database>
	</source>
	<size>
		<width>640</width>
		<height>640</height>
		<depth>3</depth>
	</size>
	<segmented>0</segmented>
	<object>
		<name>parking</name>
		<pose>Unspecified</pose>
		<truncated>0</truncated>
		<difficult>0</difficult>
		<bndbox>
			<xmin>8</xmin>
			<ymin>172</ymin>
			<xmax>68</xmax>
			<ymax>231</ymax>
		</bndbox>
	</object>
	<object>
		<name>parking</name>
		<pose>Unspecified</pose>
		<truncated>0</truncated>
		<difficult>0</difficult>
		<bndbox>
			<xmin>73</xmin>
			<ymin>169</ymin>
			<xmax>143</xmax>
			<ymax>233</ymax>
		</bndbox>
	</object>
	<object>
		<name>parking</name>
		<pose>Unspecified</pose>
		<truncated>0</truncated>
		<difficult>0</difficult>
		<bndbox>
			<xmin>6</xmin>
			<ymin>223</ymin>
			<xmax>75</xmax>
			<ymax>281</ymax>
		</bndbox>
	</object>
	<object>
		<name>parking</name>
		<pose>Unspecified</pose>
		<truncated>0</truncated>
		<difficult>0</difficult>
		<bndbox>
			<xmin>82</xmin>
			<ymin>223</ymin>
			<xmax>146</xmax>
			<ymax>266</ymax>
		</bndbox>
	</object>
</annotation>
