<annotation>
	<folder>downloaded</folder>
	<filename>leganes_parkings _40.3350643_-3.7212491.jpg</filename>
	<path>C:\Users\Public\Pictures\downloaded\leganes_parkings _40.3350643_-3.7212491.jpg</path>
	<source>
		<database>Unknown</database>
	</source>
	<size>
		<width>640</width>
		<height>640</height>
		<depth>3</depth>
	</size>
	<segmented>0</segmented>
	<object>
		<name>rotonda</name>
		<pose>Unspecified</pose>
		<truncated>0</truncated>
		<difficult>0</difficult>
		<bndbox>
			<xmin>434</xmin>
			<ymin>448</ymin>
			<xmax>519</xmax>
			<ymax>535</ymax>
		</bndbox>
	</object>
</annotation>
