<annotation>
	<folder>downloaded</folder>
	<filename>leganes_derecha_abajo _40.3179274_-3.7309682.jpg</filename>
	<path>C:\Users\Public\Pictures\downloaded\leganes_derecha_abajo _40.3179274_-3.7309682.jpg</path>
	<source>
		<database>Unknown</database>
	</source>
	<size>
		<width>640</width>
		<height>640</height>
		<depth>3</depth>
	</size>
	<segmented>0</segmented>
	<object>
		<name>rotonda</name>
		<pose>Unspecified</pose>
		<truncated>0</truncated>
		<difficult>0</difficult>
		<bndbox>
			<xmin>510</xmin>
			<ymin>179</ymin>
			<xmax>634</xmax>
			<ymax>314</ymax>
		</bndbox>
	</object>
	<object>
		<name>rotonda</name>
		<pose>Unspecified</pose>
		<truncated>0</truncated>
		<difficult>0</difficult>
		<bndbox>
			<xmin>240</xmin>
			<ymin>64</ymin>
			<xmax>289</xmax>
			<ymax>108</ymax>
		</bndbox>
	</object>
</annotation>
