<annotation>
	<folder>downloaded</folder>
	<filename>leganes_derecha_abajo _40.3205974_-3.7344782.jpg</filename>
	<path>C:\Users\Public\Pictures\downloaded\leganes_derecha_abajo _40.3205974_-3.7344782.jpg</path>
	<source>
		<database>Unknown</database>
	</source>
	<size>
		<width>640</width>
		<height>640</height>
		<depth>3</depth>
	</size>
	<segmented>0</segmented>
	<object>
		<name>rotonda</name>
		<pose>Unspecified</pose>
		<truncated>0</truncated>
		<difficult>0</difficult>
		<bndbox>
			<xmin>267</xmin>
			<ymin>257</ymin>
			<xmax>390</xmax>
			<ymax>370</ymax>
		</bndbox>
	</object>
	<object>
		<name>piscina</name>
		<pose>Unspecified</pose>
		<truncated>0</truncated>
		<difficult>0</difficult>
		<bndbox>
			<xmin>125</xmin>
			<ymin>343</ymin>
			<xmax>158</xmax>
			<ymax>379</ymax>
		</bndbox>
	</object>
	<object>
		<name>piscina</name>
		<pose>Unspecified</pose>
		<truncated>0</truncated>
		<difficult>0</difficult>
		<bndbox>
			<xmin>21</xmin>
			<ymin>504</ymin>
			<xmax>61</xmax>
			<ymax>552</ymax>
		</bndbox>
	</object>
	<object>
		<name>piscina</name>
		<pose>Unspecified</pose>
		<truncated>1</truncated>
		<difficult>0</difficult>
		<bndbox>
			<xmin>357</xmin>
			<ymin>1</ymin>
			<xmax>394</xmax>
			<ymax>32</ymax>
		</bndbox>
	</object>
	<object>
		<name>piscina</name>
		<pose>Unspecified</pose>
		<truncated>0</truncated>
		<difficult>0</difficult>
		<bndbox>
			<xmin>342</xmin>
			<ymin>33</ymin>
			<xmax>364</xmax>
			<ymax>50</ymax>
		</bndbox>
	</object>
</annotation>
