<annotation>
	<folder>downloaded</folder>
	<filename>leganes_izq1_40.3381344_-3.7869616.jpg</filename>
	<path>C:\Users\Public\Pictures\downloaded\leganes_izq1_40.3381344_-3.7869616.jpg</path>
	<source>
		<database>Unknown</database>
	</source>
	<size>
		<width>640</width>
		<height>640</height>
		<depth>3</depth>
	</size>
	<segmented>0</segmented>
	<object>
		<name>rotonda</name>
		<pose>Unspecified</pose>
		<truncated>0</truncated>
		<difficult>0</difficult>
		<bndbox>
			<xmin>241</xmin>
			<ymin>334</ymin>
			<xmax>374</xmax>
			<ymax>461</ymax>
		</bndbox>
	</object>
	<object>
		<name>rotonda</name>
		<pose>Unspecified</pose>
		<truncated>1</truncated>
		<difficult>0</difficult>
		<bndbox>
			<xmin>124</xmin>
			<ymin>551</ymin>
			<xmax>244</xmax>
			<ymax>640</ymax>
		</bndbox>
	</object>
	<object>
		<name>parking</name>
		<pose>Unspecified</pose>
		<truncated>0</truncated>
		<difficult>0</difficult>
		<bndbox>
			<xmin>542</xmin>
			<ymin>68</ymin>
			<xmax>594</xmax>
			<ymax>127</ymax>
		</bndbox>
	</object>
	<object>
		<name>parking</name>
		<pose>Unspecified</pose>
		<truncated>0</truncated>
		<difficult>0</difficult>
		<bndbox>
			<xmin>571</xmin>
			<ymin>128</ymin>
			<xmax>622</xmax>
			<ymax>184</ymax>
		</bndbox>
	</object>
</annotation>
