<annotation>
	<folder>downloaded</folder>
	<filename>leganes_derecha_abajo_2_40.2927189_-3.7443094.jpg</filename>
	<path>C:\Users\Public\Pictures\downloaded\leganes_derecha_abajo_2_40.2927189_-3.7443094.jpg</path>
	<source>
		<database>Unknown</database>
	</source>
	<size>
		<width>640</width>
		<height>640</height>
		<depth>3</depth>
	</size>
	<segmented>0</segmented>
	<object>
		<name>piscina</name>
		<pose>Unspecified</pose>
		<truncated>0</truncated>
		<difficult>0</difficult>
		<bndbox>
			<xmin>432</xmin>
			<ymin>88</ymin>
			<xmax>499</xmax>
			<ymax>137</ymax>
		</bndbox>
	</object>
	<object>
		<name>piscina</name>
		<pose>Unspecified</pose>
		<truncated>0</truncated>
		<difficult>0</difficult>
		<bndbox>
			<xmin>226</xmin>
			<ymin>98</ymin>
			<xmax>251</xmax>
			<ymax>119</ymax>
		</bndbox>
	</object>
</annotation>
