<annotation>
	<folder>downloaded</folder>
	<filename>leganes_izq1_40.3434744_-3.7834516.jpg</filename>
	<path>C:\Users\Public\Pictures\downloaded\leganes_izq1_40.3434744_-3.7834516.jpg</path>
	<source>
		<database>Unknown</database>
	</source>
	<size>
		<width>640</width>
		<height>640</height>
		<depth>3</depth>
	</size>
	<segmented>0</segmented>
	<object>
		<name>piscina</name>
		<pose>Unspecified</pose>
		<truncated>0</truncated>
		<difficult>0</difficult>
		<bndbox>
			<xmin>363</xmin>
			<ymin>260</ymin>
			<xmax>417</xmax>
			<ymax>292</ymax>
		</bndbox>
	</object>
	<object>
		<name>piscina</name>
		<pose>Unspecified</pose>
		<truncated>0</truncated>
		<difficult>0</difficult>
		<bndbox>
			<xmin>557</xmin>
			<ymin>200</ymin>
			<xmax>603</xmax>
			<ymax>235</ymax>
		</bndbox>
	</object>
	<object>
		<name>piscina</name>
		<pose>Unspecified</pose>
		<truncated>0</truncated>
		<difficult>0</difficult>
		<bndbox>
			<xmin>571</xmin>
			<ymin>494</ymin>
			<xmax>630</xmax>
			<ymax>518</ymax>
		</bndbox>
	</object>
</annotation>
