<annotation>
	<folder>downloaded</folder>
	<filename>leganes_parkings _40.3297243_-3.7282691.jpg</filename>
	<path>C:\Users\Public\Pictures\downloaded\leganes_parkings _40.3297243_-3.7282691.jpg</path>
	<source>
		<database>Unknown</database>
	</source>
	<size>
		<width>640</width>
		<height>640</height>
		<depth>3</depth>
	</size>
	<segmented>0</segmented>
	<object>
		<name>rotonda</name>
		<pose>Unspecified</pose>
		<truncated>0</truncated>
		<difficult>0</difficult>
		<bndbox>
			<xmin>113</xmin>
			<ymin>540</ymin>
			<xmax>141</xmax>
			<ymax>567</ymax>
		</bndbox>
	</object>
	<object>
		<name>parking</name>
		<pose>Unspecified</pose>
		<truncated>0</truncated>
		<difficult>0</difficult>
		<bndbox>
			<xmin>114</xmin>
			<ymin>442</ymin>
			<xmax>181</xmax>
			<ymax>509</ymax>
		</bndbox>
	</object>
	<object>
		<name>parking</name>
		<pose>Unspecified</pose>
		<truncated>0</truncated>
		<difficult>0</difficult>
		<bndbox>
			<xmin>118</xmin>
			<ymin>478</ymin>
			<xmax>181</xmax>
			<ymax>541</ymax>
		</bndbox>
	</object>
	<object>
		<name>parking</name>
		<pose>Unspecified</pose>
		<truncated>0</truncated>
		<difficult>0</difficult>
		<bndbox>
			<xmin>30</xmin>
			<ymin>285</ymin>
			<xmax>101</xmax>
			<ymax>354</ymax>
		</bndbox>
	</object>
	<object>
		<name>parking</name>
		<pose>Unspecified</pose>
		<truncated>0</truncated>
		<difficult>0</difficult>
		<bndbox>
			<xmin>8</xmin>
			<ymin>257</ymin>
			<xmax>61</xmax>
			<ymax>322</ymax>
		</bndbox>
	</object>
</annotation>
