<annotation>
	<folder>downloaded</folder>
	<filename>leganes_derecha_abajo _40.3205974_-3.7274582.jpg</filename>
	<path>C:\Users\Public\Pictures\downloaded\leganes_derecha_abajo _40.3205974_-3.7274582.jpg</path>
	<source>
		<database>Unknown</database>
	</source>
	<size>
		<width>640</width>
		<height>640</height>
		<depth>3</depth>
	</size>
	<segmented>0</segmented>
	<object>
		<name>rotonda</name>
		<pose>Unspecified</pose>
		<truncated>0</truncated>
		<difficult>0</difficult>
		<bndbox>
			<xmin>110</xmin>
			<ymin>165</ymin>
			<xmax>207</xmax>
			<ymax>260</ymax>
		</bndbox>
	</object>
	<object>
		<name>rotonda</name>
		<pose>Unspecified</pose>
		<truncated>0</truncated>
		<difficult>0</difficult>
		<bndbox>
			<xmin>385</xmin>
			<ymin>423</ymin>
			<xmax>511</xmax>
			<ymax>555</ymax>
		</bndbox>
	</object>
</annotation>
