<annotation>
	<folder>downloaded</folder>
	<filename>leganes_derecha_abajo _40.3312774_-3.7344782.jpg</filename>
	<path>C:\Users\Public\Pictures\downloaded\leganes_derecha_abajo _40.3312774_-3.7344782.jpg</path>
	<source>
		<database>Unknown</database>
	</source>
	<size>
		<width>640</width>
		<height>640</height>
		<depth>3</depth>
	</size>
	<segmented>0</segmented>
	<object>
		<name>rotonda</name>
		<pose>Unspecified</pose>
		<truncated>1</truncated>
		<difficult>0</difficult>
		<bndbox>
			<xmin>584</xmin>
			<ymin>268</ymin>
			<xmax>640</xmax>
			<ymax>389</ymax>
		</bndbox>
	</object>
	<object>
		<name>piscina</name>
		<pose>Unspecified</pose>
		<truncated>0</truncated>
		<difficult>0</difficult>
		<bndbox>
			<xmin>534</xmin>
			<ymin>544</ymin>
			<xmax>592</xmax>
			<ymax>572</ymax>
		</bndbox>
	</object>
</annotation>
