<annotation>
	<folder>downloaded</folder>
	<filename>leganes_izq1_40.3434744_-3.7764316.jpg</filename>
	<path>C:\Users\Public\Pictures\downloaded\leganes_izq1_40.3434744_-3.7764316.jpg</path>
	<source>
		<database>Unknown</database>
	</source>
	<size>
		<width>640</width>
		<height>640</height>
		<depth>3</depth>
	</size>
	<segmented>0</segmented>
	<object>
		<name>rotonda</name>
		<pose>Unspecified</pose>
		<truncated>0</truncated>
		<difficult>0</difficult>
		<bndbox>
			<xmin>222</xmin>
			<ymin>90</ymin>
			<xmax>327</xmax>
			<ymax>196</ymax>
		</bndbox>
	</object>
	<object>
		<name>piscina</name>
		<pose>Unspecified</pose>
		<truncated>0</truncated>
		<difficult>0</difficult>
		<bndbox>
			<xmin>534</xmin>
			<ymin>217</ymin>
			<xmax>580</xmax>
			<ymax>252</ymax>
		</bndbox>
	</object>
	<object>
		<name>piscina</name>
		<pose>Unspecified</pose>
		<truncated>0</truncated>
		<difficult>0</difficult>
		<bndbox>
			<xmin>256</xmin>
			<ymin>610</ymin>
			<xmax>308</xmax>
			<ymax>638</ymax>
		</bndbox>
	</object>
	<object>
		<name>piscina</name>
		<pose>Unspecified</pose>
		<truncated>0</truncated>
		<difficult>0</difficult>
		<bndbox>
			<xmin>531</xmin>
			<ymin>569</ymin>
			<xmax>546</xmax>
			<ymax>583</ymax>
		</bndbox>
	</object>
</annotation>
