<annotation>
	<folder>downloaded</folder>
	<filename>leganes_derecha_abajo_2_40.2980589_-3.7583494.jpg</filename>
	<path>C:\Users\Public\Pictures\downloaded\leganes_derecha_abajo_2_40.2980589_-3.7583494.jpg</path>
	<source>
		<database>Unknown</database>
	</source>
	<size>
		<width>640</width>
		<height>640</height>
		<depth>3</depth>
	</size>
	<segmented>0</segmented>
	<object>
		<name>rotonda</name>
		<pose>Unspecified</pose>
		<truncated>0</truncated>
		<difficult>0</difficult>
		<bndbox>
			<xmin>347</xmin>
			<ymin>288</ymin>
			<xmax>424</xmax>
			<ymax>373</ymax>
		</bndbox>
	</object>
</annotation>
