<annotation>
	<folder>downloaded</folder>
	<filename>Madrid_norte_2_40.5646439_-3.6254172.jpg</filename>
	<path>C:\Users\Public\Pictures\downloaded\Madrid_norte_2_40.5646439_-3.6254172.jpg</path>
	<source>
		<database>Unknown</database>
	</source>
	<size>
		<width>640</width>
		<height>640</height>
		<depth>3</depth>
	</size>
	<segmented>0</segmented>
	<object>
		<name>rotonda</name>
		<pose>Unspecified</pose>
		<truncated>0</truncated>
		<difficult>0</difficult>
		<bndbox>
			<xmin>370</xmin>
			<ymin>280</ymin>
			<xmax>415</xmax>
			<ymax>328</ymax>
		</bndbox>
	</object>
</annotation>
