<annotation>
	<folder>downloaded</folder>
	<filename>Madrid_norte_40.5476432_-3.6589652.jpg</filename>
	<path>C:\Users\Public\Pictures\downloaded\Madrid_norte_40.5476432_-3.6589652.jpg</path>
	<source>
		<database>Unknown</database>
	</source>
	<size>
		<width>640</width>
		<height>640</height>
		<depth>3</depth>
	</size>
	<segmented>0</segmented>
	<object>
		<name>piscina</name>
		<pose>Unspecified</pose>
		<truncated>0</truncated>
		<difficult>0</difficult>
		<bndbox>
			<xmin>319</xmin>
			<ymin>476</ymin>
			<xmax>364</xmax>
			<ymax>510</ymax>
		</bndbox>
	</object>
	<object>
		<name>piscina</name>
		<pose>Unspecified</pose>
		<truncated>0</truncated>
		<difficult>0</difficult>
		<bndbox>
			<xmin>328</xmin>
			<ymin>527</ymin>
			<xmax>378</xmax>
			<ymax>556</ymax>
		</bndbox>
	</object>
	<object>
		<name>piscina</name>
		<pose>Unspecified</pose>
		<truncated>0</truncated>
		<difficult>0</difficult>
		<bndbox>
			<xmin>526</xmin>
			<ymin>531</ymin>
			<xmax>574</xmax>
			<ymax>558</ymax>
		</bndbox>
	</object>
</annotation>
