<annotation>
	<folder>downloaded</folder>
	<filename>Madrid_norte_40.5529832_-3.6554552.jpg</filename>
	<path>C:\Users\Public\Pictures\downloaded\Madrid_norte_40.5529832_-3.6554552.jpg</path>
	<source>
		<database>Unknown</database>
	</source>
	<size>
		<width>640</width>
		<height>640</height>
		<depth>3</depth>
	</size>
	<segmented>0</segmented>
	<object>
		<name>piscina</name>
		<pose>Unspecified</pose>
		<truncated>0</truncated>
		<difficult>0</difficult>
		<bndbox>
			<xmin>552</xmin>
			<ymin>535</ymin>
			<xmax>591</xmax>
			<ymax>565</ymax>
		</bndbox>
	</object>
	<object>
		<name>piscina</name>
		<pose>Unspecified</pose>
		<truncated>0</truncated>
		<difficult>0</difficult>
		<bndbox>
			<xmin>363</xmin>
			<ymin>535</ymin>
			<xmax>406</xmax>
			<ymax>565</ymax>
		</bndbox>
	</object>
	<object>
		<name>piscina</name>
		<pose>Unspecified</pose>
		<truncated>0</truncated>
		<difficult>0</difficult>
		<bndbox>
			<xmin>163</xmin>
			<ymin>541</ymin>
			<xmax>204</xmax>
			<ymax>559</ymax>
		</bndbox>
	</object>
	<object>
		<name>rotonda</name>
		<pose>Unspecified</pose>
		<truncated>0</truncated>
		<difficult>0</difficult>
		<bndbox>
			<xmin>67</xmin>
			<ymin>409</ymin>
			<xmax>135</xmax>
			<ymax>479</ymax>
		</bndbox>
	</object>
</annotation>
