<annotation>
	<folder>downloaded</folder>
	<filename>Madrid_norte_2_40.5619739_-3.6078672.jpg</filename>
	<path>C:\Users\Public\Pictures\downloaded\Madrid_norte_2_40.5619739_-3.6078672.jpg</path>
	<source>
		<database>Unknown</database>
	</source>
	<size>
		<width>640</width>
		<height>640</height>
		<depth>3</depth>
	</size>
	<segmented>0</segmented>
	<object>
		<name>rotonda</name>
		<pose>Unspecified</pose>
		<truncated>0</truncated>
		<difficult>0</difficult>
		<bndbox>
			<xmin>234</xmin>
			<ymin>406</ymin>
			<xmax>345</xmax>
			<ymax>510</ymax>
		</bndbox>
	</object>
	<object>
		<name>rotonda</name>
		<pose>Unspecified</pose>
		<truncated>1</truncated>
		<difficult>0</difficult>
		<bndbox>
			<xmin>1</xmin>
			<ymin>222</ymin>
			<xmax>98</xmax>
			<ymax>335</ymax>
		</bndbox>
	</object>
</annotation>
