<annotation>
	<folder>downloaded</folder>
	<filename>Madrid_norte_40.5529832_-3.6519452.jpg</filename>
	<path>C:\Users\Public\Pictures\downloaded\Madrid_norte_40.5529832_-3.6519452.jpg</path>
	<source>
		<database>Unknown</database>
	</source>
	<size>
		<width>640</width>
		<height>640</height>
		<depth>3</depth>
	</size>
	<segmented>0</segmented>
	<object>
		<name>piscina</name>
		<pose>Unspecified</pose>
		<truncated>0</truncated>
		<difficult>0</difficult>
		<bndbox>
			<xmin>237</xmin>
			<ymin>65</ymin>
			<xmax>266</xmax>
			<ymax>94</ymax>
		</bndbox>
	</object>
	<object>
		<name>piscina</name>
		<pose>Unspecified</pose>
		<truncated>0</truncated>
		<difficult>0</difficult>
		<bndbox>
			<xmin>169</xmin>
			<ymin>577</ymin>
			<xmax>221</xmax>
			<ymax>608</ymax>
		</bndbox>
	</object>
	<object>
		<name>piscina</name>
		<pose>Unspecified</pose>
		<truncated>0</truncated>
		<difficult>0</difficult>
		<bndbox>
			<xmin>341</xmin>
			<ymin>581</ymin>
			<xmax>378</xmax>
			<ymax>616</ymax>
		</bndbox>
	</object>
</annotation>
