<annotation>
	<folder>downloaded</folder>
	<filename>Madrid_norte_2_40.5406139_-3.6219072.jpg</filename>
	<path>C:\Users\Public\Pictures\downloaded\Madrid_norte_2_40.5406139_-3.6219072.jpg</path>
	<source>
		<database>Unknown</database>
	</source>
	<size>
		<width>640</width>
		<height>640</height>
		<depth>3</depth>
	</size>
	<segmented>0</segmented>
	<object>
		<name>piscina</name>
		<pose>Unspecified</pose>
		<truncated>1</truncated>
		<difficult>0</difficult>
		<bndbox>
			<xmin>607</xmin>
			<ymin>46</ymin>
			<xmax>640</xmax>
			<ymax>90</ymax>
		</bndbox>
	</object>
	<object>
		<name>piscina</name>
		<pose>Unspecified</pose>
		<truncated>0</truncated>
		<difficult>0</difficult>
		<bndbox>
			<xmin>534</xmin>
			<ymin>571</ymin>
			<xmax>571</xmax>
			<ymax>607</ymax>
		</bndbox>
	</object>
</annotation>
