<annotation>
	<folder>downloaded</folder>
	<filename>Madrid_norte_40.5583232_-3.6519452.jpg</filename>
	<path>C:\Users\Public\Pictures\downloaded\Madrid_norte_40.5583232_-3.6519452.jpg</path>
	<source>
		<database>Unknown</database>
	</source>
	<size>
		<width>640</width>
		<height>640</height>
		<depth>3</depth>
	</size>
	<segmented>0</segmented>
	<object>
		<name>rotonda</name>
		<pose>Unspecified</pose>
		<truncated>0</truncated>
		<difficult>0</difficult>
		<bndbox>
			<xmin>70</xmin>
			<ymin>90</ymin>
			<xmax>197</xmax>
			<ymax>219</ymax>
		</bndbox>
	</object>
	<object>
		<name>piscina</name>
		<pose>Unspecified</pose>
		<truncated>0</truncated>
		<difficult>0</difficult>
		<bndbox>
			<xmin>24</xmin>
			<ymin>230</ymin>
			<xmax>42</xmax>
			<ymax>268</ymax>
		</bndbox>
	</object>
	<object>
		<name>piscina</name>
		<pose>Unspecified</pose>
		<truncated>0</truncated>
		<difficult>0</difficult>
		<bndbox>
			<xmin>555</xmin>
			<ymin>570</ymin>
			<xmax>580</xmax>
			<ymax>616</ymax>
		</bndbox>
	</object>
	<object>
		<name>piscina</name>
		<pose>Unspecified</pose>
		<truncated>0</truncated>
		<difficult>0</difficult>
		<bndbox>
			<xmin>546</xmin>
			<ymin>593</ymin>
			<xmax>553</xmax>
			<ymax>609</ymax>
		</bndbox>
	</object>
</annotation>
