<annotation>
	<folder>downloaded</folder>
	<filename>Madrid_norte_2_40.5486239_-3.6219072.jpg</filename>
	<path>C:\Users\Public\Pictures\downloaded\Madrid_norte_2_40.5486239_-3.6219072.jpg</path>
	<source>
		<database>Unknown</database>
	</source>
	<size>
		<width>640</width>
		<height>640</height>
		<depth>3</depth>
	</size>
	<segmented>0</segmented>
	<object>
		<name>piscina</name>
		<pose>Unspecified</pose>
		<truncated>0</truncated>
		<difficult>0</difficult>
		<bndbox>
			<xmin>308</xmin>
			<ymin>213</ymin>
			<xmax>344</xmax>
			<ymax>242</ymax>
		</bndbox>
	</object>
	<object>
		<name>rotonda</name>
		<pose>Unspecified</pose>
		<truncated>1</truncated>
		<difficult>0</difficult>
		<bndbox>
			<xmin>605</xmin>
			<ymin>213</ymin>
			<xmax>640</xmax>
			<ymax>273</ymax>
		</bndbox>
	</object>
	<object>
		<name>rotonda</name>
		<pose>Unspecified</pose>
		<truncated>0</truncated>
		<difficult>0</difficult>
		<bndbox>
			<xmin>367</xmin>
			<ymin>434</ymin>
			<xmax>415</xmax>
			<ymax>467</ymax>
		</bndbox>
	</object>
</annotation>
