<annotation>
	<folder>downloaded</folder>
	<filename>Madrid_norte_40.5476432_-3.6554552.jpg</filename>
	<path>C:\Users\Public\Pictures\downloaded\Madrid_norte_40.5476432_-3.6554552.jpg</path>
	<source>
		<database>Unknown</database>
	</source>
	<size>
		<width>640</width>
		<height>640</height>
		<depth>3</depth>
	</size>
	<segmented>0</segmented>
	<object>
		<name>parking</name>
		<pose>Unspecified</pose>
		<truncated>0</truncated>
		<difficult>0</difficult>
		<bndbox>
			<xmin>442</xmin>
			<ymin>241</ymin>
			<xmax>560</xmax>
			<ymax>297</ymax>
		</bndbox>
	</object>
	<object>
		<name>parking</name>
		<pose>Unspecified</pose>
		<truncated>0</truncated>
		<difficult>0</difficult>
		<bndbox>
			<xmin>93</xmin>
			<ymin>221</ymin>
			<xmax>425</xmax>
			<ymax>321</ymax>
		</bndbox>
	</object>
	<object>
		<name>rotonda</name>
		<pose>Unspecified</pose>
		<truncated>0</truncated>
		<difficult>0</difficult>
		<bndbox>
			<xmin>9</xmin>
			<ymin>370</ymin>
			<xmax>78</xmax>
			<ymax>444</ymax>
		</bndbox>
	</object>
	<object>
		<name>parking</name>
		<pose>Unspecified</pose>
		<truncated>0</truncated>
		<difficult>0</difficult>
		<bndbox>
			<xmin>367</xmin>
			<ymin>547</ymin>
			<xmax>524</xmax>
			<ymax>598</ymax>
		</bndbox>
	</object>
	<object>
		<name>piscina</name>
		<pose>Unspecified</pose>
		<truncated>1</truncated>
		<difficult>0</difficult>
		<bndbox>
			<xmin>165</xmin>
			<ymin>615</ymin>
			<xmax>225</xmax>
			<ymax>640</ymax>
		</bndbox>
	</object>
</annotation>
