<annotation>
	<folder>downloaded</folder>
	<filename>Madrid_norte_40.5583232_-3.6589652.jpg</filename>
	<path>C:\Users\Public\Pictures\downloaded\Madrid_norte_40.5583232_-3.6589652.jpg</path>
	<source>
		<database>Unknown</database>
	</source>
	<size>
		<width>640</width>
		<height>640</height>
		<depth>3</depth>
	</size>
	<segmented>0</segmented>
	<object>
		<name>rotonda</name>
		<pose>Unspecified</pose>
		<truncated>0</truncated>
		<difficult>0</difficult>
		<bndbox>
			<xmin>199</xmin>
			<ymin>425</ymin>
			<xmax>259</xmax>
			<ymax>494</ymax>
		</bndbox>
	</object>
	<object>
		<name>parking</name>
		<pose>Unspecified</pose>
		<truncated>0</truncated>
		<difficult>0</difficult>
		<bndbox>
			<xmin>321</xmin>
			<ymin>540</ymin>
			<xmax>442</xmax>
			<ymax>570</ymax>
		</bndbox>
	</object>
	<object>
		<name>parking</name>
		<pose>Unspecified</pose>
		<truncated>0</truncated>
		<difficult>0</difficult>
		<bndbox>
			<xmin>509</xmin>
			<ymin>537</ymin>
			<xmax>612</xmax>
			<ymax>575</ymax>
		</bndbox>
	</object>
</annotation>
