<annotation>
	<folder>downloaded</folder>
	<filename>Madrid_norte_40.5583232_-3.6484352.jpg</filename>
	<path>C:\Users\Public\Pictures\downloaded\Madrid_norte_40.5583232_-3.6484352.jpg</path>
	<source>
		<database>Unknown</database>
	</source>
	<size>
		<width>640</width>
		<height>640</height>
		<depth>3</depth>
	</size>
	<segmented>0</segmented>
	<object>
		<name>rotonda</name>
		<pose>Unspecified</pose>
		<truncated>0</truncated>
		<difficult>0</difficult>
		<bndbox>
			<xmin>46</xmin>
			<ymin>159</ymin>
			<xmax>120</xmax>
			<ymax>222</ymax>
		</bndbox>
	</object>
	<object>
		<name>rotonda</name>
		<pose>Unspecified</pose>
		<truncated>0</truncated>
		<difficult>0</difficult>
		<bndbox>
			<xmin>370</xmin>
			<ymin>412</ymin>
			<xmax>445</xmax>
			<ymax>487</ymax>
		</bndbox>
	</object>
	<object>
		<name>rotonda</name>
		<pose>Unspecified</pose>
		<truncated>0</truncated>
		<difficult>0</difficult>
		<bndbox>
			<xmin>38</xmin>
			<ymin>443</ymin>
			<xmax>104</xmax>
			<ymax>505</ymax>
		</bndbox>
	</object>
</annotation>
