<annotation>
	<folder>downloaded</folder>
	<filename>Madrid_norte_40.5556532_-3.6484352.jpg</filename>
	<path>C:\Users\Public\Pictures\downloaded\Madrid_norte_40.5556532_-3.6484352.jpg</path>
	<source>
		<database>Unknown</database>
	</source>
	<size>
		<width>640</width>
		<height>640</height>
		<depth>3</depth>
	</size>
	<segmented>0</segmented>
	<object>
		<name>rotonda</name>
		<pose>Unspecified</pose>
		<truncated>0</truncated>
		<difficult>0</difficult>
		<bndbox>
			<xmin>20</xmin>
			<ymin>144</ymin>
			<xmax>81</xmax>
			<ymax>210</ymax>
		</bndbox>
	</object>
	<object>
		<name>rotonda</name>
		<pose>Unspecified</pose>
		<truncated>0</truncated>
		<difficult>0</difficult>
		<bndbox>
			<xmin>4</xmin>
			<ymin>519</ymin>
			<xmax>63</xmax>
			<ymax>579</ymax>
		</bndbox>
	</object>
</annotation>
